AUN,LEA Name,County,Total Revenue,"Local Taxes
(6111-6400)","Local Other
(6500-6999)",Total Local Revenue 6000 ,Total State Revenue 7000,Revenue from Federal Sources 8000,Total Other Revenue 9000
112011103,Bermudian Springs SD,Adams,35185329.99,18610956.22,840288.62,19451244.84,14163501.22,1570583.93,
112011603,Conewago Valley SD,Adams,73929130.86,43804578.71,2186686.32,45991265.03,25047521.56,2890344.27,
112013054,Fairfield Area SD,Adams,21694714.75,13019411.35,694405.48,13713816.83,7365672.11,615225.81,
112013753,Gettysburg Area SD,Adams,72483143.7,44949803.83,4203729.17,49153533,20996908.33,2327646.36,5056.01
112015203,Littlestown Area SD,Adams,41105736.48,22470077.49,1359650.99,23829728.48,14599104.02,1798987.29,877916.69
112018523,Upper Adams SD,Adams,35618979.69,16800239.56,1535347.93,18335587.49,14957801.61,2325590.59,
103020603,Allegheny Valley SD,Allegheny,26410783,17343104,830816,18173920,7408127,828736,
103020753,Avonworth SD,Allegheny,38156411.84,28334400.07,1114922.23,29449322.3,8498732.42,208357.12,
103021102,Baldwin-Whitehall SD,Allegheny,83493398.7,49278239.49,2808678.02,52086917.51,28830637.97,2575843.22,
103021252,Bethel Park SD,Allegheny,98906687.91,66549864.04,3336143.62,69886007.66,26709104.27,1038958.75,1272617.23
103021453,Brentwood Borough SD,Allegheny,27531900.64,15309749.3,496983.6,15806732.9,10205905.45,1519262.29,
103021603,Carlynton SD,Allegheny,36301302.9,21456627.08,1210021.43,22666648.51,10338965.29,3295689.1,
103021752,Chartiers Valley SD,Allegheny,77595025.69,53703308.4,2517614.25,56220922.65,18564680.37,2809422.67,
103021903,Clairton City SD,Allegheny,,,,,,,
103022103,Cornell SD,Allegheny,17417459,10509654,509228,11018882,5283136,998684,116757
103022253,Deer Lakes SD,Allegheny,41229933.99,22904363.18,1379511.32,24283874.5,15099015.99,1160934.1,686109.4
103022503,Duquesne City SD,Allegheny,23380426,1763940,249859,2013799,18148336,3193029,25262
103022803,East Allegheny SD,Allegheny,41037918,15997125.99,1091965.01,17089091,21712669,2236158,
103023153,Elizabeth Forward SD,Allegheny,52919083.64,24358225.51,1890487.31,26248712.82,22052903.03,2414505.58,2202962.21
103023912,Fox Chapel Area SD,Allegheny,112932150.5,84539496.28,3117503.68,87656999.96,22978822.11,1763579.01,532749.44
103024102,Gateway SD,Allegheny,84944130.57,58200249.31,2381969.5,60582218.81,22554064.09,1807847.67,
103024603,Hampton Township SD,Allegheny,60032888.04,41750735,1179500.24,42930235.24,15982736,705639.4,414277.4
103024753,Highlands SD,Allegheny,50313629,21419081,1767456,23186537,24664415,1939897,522780
103025002,Keystone Oaks SD,Allegheny,49425157,32644801,1541626,34186427,13253653,1808089,176988
103026002,McKeesport Area SD,Allegheny,87167518,18163903,3025189,21189092,54762880,11215546,
103026303,Montour SD,Allegheny,81439269.05,59058769.98,2825945.37,61884715.35,16282387.43,3265221.27,6945
103026343,Moon Area SD,Allegheny,90239483.77,64681241.57,2567591.43,67248833,21216367.54,1593106.73,181176.5
103026402,Mt Lebanon SD,Allegheny,111281966.2,81159697.04,2930650.47,84090347.51,26741687.55,449931.15,
103026852,North Allegheny SD,Allegheny,196582856.2,146204849.7,5230520.16,151435369.9,41851999.66,1974500.96,1320985.75
103026902,North Hills SD,Allegheny,92749506.69,65953996.55,2669352.17,68623348.72,22991149.18,1135008.79,
103026873,Northgate SD,Allegheny,28832247.55,15226903.18,951743.66,16178646.84,9841011.95,2812588.76,
103027352,Penn Hills SD,Allegheny,103300096.2,52834387.41,2166324.83,55000712.24,38905835.12,9212296.72,181252.12
103021003,Pine-Richland SD,Allegheny,104953207,78232271,2980266,81212537,20602743,1462739,1675188
102027451,Pittsburgh SD,Allegheny,801542446.2,379014324.3,17219460.71,396233785,324237552,80609338.13,461771.16
103027503,Plum Borough SD,Allegheny,71761654.11,39117118.92,2116822.27,41233941.19,28767629.83,1756582.19,3500.9
103027753,Quaker Valley SD,Allegheny,57773525.16,46122736.84,1358067.47,47480804.31,9231012.71,1061708.14,
103028203,Riverview SD,Allegheny,27587368.27,18462460.85,777204.87,19239665.72,7466041.31,880861.24,800
103028302,Shaler Area SD,Allegheny,92129004.81,55933189.63,2741007.9,58674197.53,30753387.3,2701419.98,
103028653,South Allegheny SD,Allegheny,31325433.58,8861411.4,1051906.82,9913318.22,19009918.95,2402196.41,
103028703,South Fayette Township SD,Allegheny,70292823.49,48487300.71,2293976.97,50781277.68,16236542.48,1739384.05,1535619.28
103028753,South Park SD,Allegheny,40671353.75,23589669.93,1035676.34,24625346.27,14851686.99,1194320.49,
103028833,Steel Valley SD,Allegheny,43995892.5,20368290.77,1407006.74,21775297.51,19135290.73,2623102.56,462201.7
103028853,Sto-Rox SD,Allegheny,39826413.36,9413998.76,586783.54,10000782.3,23658579.92,6159038.14,8013
103029203,Upper St. Clair SD,Allegheny,100241033.2,74353203.65,2754238.56,77107442.21,20948931.18,736472.38,1448187.42
103029403,West Allegheny SD,Allegheny,78140169.56,57623912.4,1757535.16,59381447.56,18208360.83,519330.22,31030.95
103029553,West Jefferson Hills SD,Allegheny,62831318.57,41521976.42,2004585,43526561.42,18253437.58,1051319.57,
103029603,West Mifflin Area SD,Allegheny,64447305.4,30980839.81,4778437.84,35759277.65,23846235.56,4782161.64,59630.55
103029803,Wilkinsburg Borough SD,Allegheny,37963274.04,12098772.82,1093939.83,13192712.65,19283594.58,5486966.81,
103029902,Woodland Hills SD,Allegheny,116250693.5,58475517.35,3065904.92,61541422.27,40776572.44,9459567.79,4473131.03
128030603,Apollo-Ridge SD,Armstrong,27454974.6,8418169.19,714088.53,9132257.72,16348685.85,1786901.64,187129.39
128030852,Armstrong SD,Armstrong,108013641,37343595,2579944,39923539,61906840,6162647,20615
128033053,Freeport Area SD,Armstrong,37161945.04,20089621.83,937589.04,21027210.87,14727379.66,1336791.31,70563.2
128034503,Leechburg Area SD,Armstrong,15442931.45,6309420.12,521776,6831196.12,8143953.07,467782.26,
127040503,Aliquippa SD,Beaver,31794197.91,7268526.86,1890796.27,9159323.13,18842003.78,3792871,
127040703,Ambridge Area SD,Beaver,54493525.13,25719514.76,1783620.01,27503134.77,22700371.43,3986111.68,303907.25
127041203,Beaver Area SD,Beaver,39965684.56,23529965.89,1422734.05,24952699.94,13204733.44,1602921.61,205329.57
127041503,Big Beaver Falls Area SD,Beaver,36612216.57,8183897.12,785799.6,8969696.72,23063151.41,4579368.44,
127041603,Blackhawk SD,Beaver,41287766.6,20540589.16,882849.59,21423438.75,18754588.15,988091.25,121648.45
127042003,Central Valley SD,Beaver,42989441.46,22497808.67,814109.31,23311917.98,16821773.66,2855749.82,
127042853,Freedom Area SD,Beaver,27842683.6,10721633.72,792880.61,11514514.33,14646273.7,1681895.57,
127044103,Hopewell Area SD,Beaver,46548374.76,22797767.34,1063973.09,23861740.43,20983549.76,1241544.87,461539.7
127045303,Midland Borough SD,Beaver,7358750.04,879300.39,353104.88,1232405.27,5009109.78,1117234.99,
127045653,New Brighton Area SD,Beaver,32579175.16,7560721.69,823268.07,8383989.76,19290750.08,4904435.32,
127045853,Riverside Beaver County SD,Beaver,27050869.89,10412829.35,572596.51,10985425.86,14662326.32,1156538.82,246578.89
127046903,Rochester Area SD,Beaver,20720181.04,5589780.89,360320.27,5950101.16,12544348.81,2225731.07,
127047404,South Side Area SD,Beaver,25903086.7,9409571.52,491937.15,9901508.67,15251573.32,750004.71,
127049303,Western Beaver County SD,Beaver,15664566.33,4842447.35,246567.63,5089014.98,10005931.99,565777.95,3841.41
108051003,Bedford Area SD,Bedford,36078436.25,15505942.7,1573892.24,17079834.94,15716533.66,3282067.65,
108051503,Chestnut Ridge SD,Bedford,24597565.52,6755074.4,1193703.22,7948777.62,15518549.1,1130238.8,
108053003,Everett Area SD,Bedford,25189600.62,8890396.5,1026546.48,9916942.98,12846707.99,2389341.65,36608
108056004,Northern Bedford County SD,Bedford,17583081.83,4282286.41,671731.84,4954018.25,9973759.11,1855304.47,800000
108058003,Tussey Mountain SD,Bedford,20870848.48,5537419.95,732398.43,6269818.38,13405492.57,1111433.53,84104
114060503,Antietam SD,Berks,25273794.53,12226072.29,869935.03,13096007.32,9912596.82,2247129.39,18061
114060753,Boyertown Area SD,Berks,139836896.1,89944533.03,5687306.4,95631839.43,41721211.06,2483845.62,
114060853,Brandywine Heights Area SD,Berks,36235466.96,22655318.32,999935.4,23655253.72,10900285.73,1669544.68,10382.83
114061103,Conrad Weiser Area SD,Berks,63097465.07,35783496.14,2593609.12,38377105.26,17885688.88,6248041.93,586629
114061503,Daniel Boone Area SD,Berks,63146475.75,40200569.93,2097902.05,42298471.98,19555905.44,1292098.33,
114062003,Exeter Township SD,Berks,83614467.14,53007888.47,2093549.22,55101437.69,25722724.47,2774596.3,15708.68
114062503,Fleetwood Area SD,Berks,51179777.06,31122272.76,1275182.92,32397455.68,16149891.89,2496446.98,135982.51
114063003,Governor Mifflin SD,Berks,83411053.08,52667530.14,1962722.84,54630252.98,22306714.74,5608834.95,865250.41
114063503,Hamburg Area SD,Berks,51284972.56,31041890.99,1662417.09,32704308.08,16344496.45,1658138.74,578029.29
114064003,Kutztown Area SD,Berks,36671794.5,23436712.54,1025635.28,24462347.82,10202521.15,1794849.35,212076.18
114065503,Muhlenberg SD,Berks,74628354.2,45150714.41,1970537.58,47121251.99,23457954,3703247.87,345900.34
114066503,Oley Valley SD,Berks,36896067.76,24121927.32,959983.97,25081911.29,11071585.75,546726.14,195844.58
114067002,Reading SD,Berks,365206539.3,46363766.54,4488692.21,50852458.75,261278247.1,51491680.96,1584152.5
114067503,Schuylkill Valley SD,Berks,44569849.93,31310458.97,1232513.68,32542972.65,10907538.2,908462.08,210877
114068003,Tulpehocken Area SD,Berks,39425303.48,26542966.73,1135355.15,27678321.88,10872024,874957.6,
114068103,Twin Valley SD,Berks,72318906.59,49994781.8,3002540.63,52997322.43,17807656.41,1508722.27,5205.48
114069103,Wilson SD,Berks,128658034.3,88720890.19,5069407.24,93790297.43,29801466.26,3318298.09,1747972.56
114069353,Wyomissing Area SD,Berks,42980569.82,31824748.8,1187550.83,33012299.63,8237727.97,1668478.91,62063.31
108070502,Altoona Area SD,Blair,128975165.3,28914134.65,4082769.78,32996904.43,76961158.11,18769687,247415.78
108071003,Bellwood-Antis SD,Blair,21509143.75,6899029.18,679457.14,7578486.32,11965939.81,1055140.67,909576.95
108071504,Claysburg-Kimmel SD,Blair,16067410.73,3800290.89,415118.59,4215409.48,9969591.7,1819794.92,62614.63
108073503,Hollidaysburg Area SD,Blair,54944842.09,27966692.91,1973760.16,29940453.07,22673900.34,2302707.68,27781
108077503,Spring Cove SD,Blair,30523278.64,12477461.53,1157198.21,13634659.74,14599326.14,2281142.76,8150
108078003,Tyrone Area SD,Blair,30614331.31,8064638.93,933435.45,8998074.38,17653344.92,3525273.61,437638.4
108079004,Williamsburg Community SD,Blair,8893511.51,2161943.52,193053.7,2354997.22,5954633.7,583880.59,
117080503,Athens Area SD,Bradford,45515863.6,16857305.56,951979.75,17809285.31,24082662.46,3623915.83,
117081003,Canton Area SD,Bradford,19402167.09,4218901.86,684960.33,4903862.19,12483228.3,2015076.6,
117083004,Northeast Bradford SD,Bradford,16515349.32,4726451.97,834096.11,5560548.08,9632809.15,1305882.05,16110.04
117086003,Sayre Area SD,Bradford,24383255.44,9015619.12,576244.27,9591863.39,11737930.01,2627953.36,425508.68
117086503,Towanda Area SD,Bradford,32634547.12,12221205.65,862164.53,13083370.18,16481447.89,3069729.05,
117086653,Troy Area SD,Bradford,28500266.55,9330444.77,871219.5,10201664.27,16976640.33,1321961.95,
117089003,Wyalusing Area SD,Bradford,29442490.52,11421430.7,1219735.49,12641166.19,13916706.06,2839421.27,45197
122091002,Bensalem Township SD,Bucks,172189972.8,112290974.5,5613526.87,117904501.4,44611903.8,9673567.64,
122091303,Bristol Borough SD,Bucks,29053529.15,11887398.22,983916.4,12871314.62,13408768.28,2674839.39,98606.86
122091352,Bristol Township SD,Bucks,196513525.6,91124720.28,4705682.54,95830402.82,52351857.6,10120658.63,38210606.56
122092002,Centennial SD,Bucks,140289531.2,97697184.53,3786748.8,101483933.3,35616916.62,3178681.21,10000
122092102,Central Bucks SD,Bucks,376782314.9,272275189.3,11210442.95,283485632.3,82432624.74,10857731.88,6326
122092353,Council Rock SD,Bucks,266443844.3,197888895.1,6637300.83,204526195.9,58547805.78,3322242.88,47599.66
122097203,Morrisville Borough SD,Bucks,24475462,14151297,444133,14595430,7734134,2135898,10000
122097502,Neshaminy SD,Bucks,199242771.7,138998037.7,7379465.14,146377502.9,50627212.66,2238056.16,
122097604,New Hope-Solebury SD,Bucks,49579554.07,40923519.16,1409195.64,42332714.8,6994891.33,251947.94,
122098003,Palisades SD,Bucks,46130465.45,33850809.27,1718379.04,35569188.31,10276771.4,249369.84,35135.9
122098103,Pennridge SD,Bucks,155829181.8,109002832,5153657,114156489,36989826.81,4682866,
122098202,Pennsbury SD,Bucks,237075584.4,166834239.8,6618285.03,173452524.8,59015007.39,4532804.92,75247.28
122098403,Quakertown Community SD,Bucks,126615625.4,87474079.81,4079218.39,91553298.2,30782864.63,3706163.6,573298.95
104101252,Butler Area SD,Butler,109983075.9,51998034.84,3594145.81,55592180.65,50628728.61,3683110.59,79056
104103603,Karns City Area SD,Butler,26582395,7515316,1270141,8785457,16908109,888829,
104107803,Knoch SD,Butler,37943510.06,19963169.82,1862022.83,21825192.65,15571437.2,546880.21,
104105003,Mars Area SD,Butler,56764763.87,39314920.71,1804491.78,41119412.49,15089673.83,249139.4,306538.15
104105353,Moniteau SD,Butler,23809775.1,7227340.6,1108812.2,8336152.8,14341887.15,1131735.15,
104107903,Seneca Valley SD,Butler,156764433.7,106438609.5,9076718.3,115515327.8,39852188.86,1371737.78,25179.19
104107503,Slippery Rock Area SD,Butler,35322201,17547693,1032703,18580396,16390671,351134,
108110603,Blacklick Valley SD,Cambria,14425607.6,2026903.15,534174.26,2561077.41,9584428.84,2280101.35,
108111203,Cambria Heights SD,Cambria,26008117.6,6230172.74,632879.47,6863052.21,16773287.07,2371778.32,
108111303,Central Cambria SD,Cambria,28197943.55,10772561.58,1624945.36,12397506.94,14194647.91,1596144.44,9644.26
108111403,Conemaugh Valley SD,Cambria,17410887.87,3004009.13,451541.41,3455550.54,10425203.14,3446038.21,84095.98
108112003,Ferndale Area SD,Cambria,13863639.61,2651161.91,715802.95,3366964.86,9570090.53,926584.22,
108112203,Forest Hills SD,Cambria,30911372.83,5883790.32,944762.4,6828552.72,20934513.83,2857541.5,290764.78
108112502,Greater Johnstown SD,Cambria,73301233.65,11683926.8,1522050.59,13205977.39,41302763.52,18756063.74,36429
108114503,Northern Cambria SD,Cambria,30683328.57,3796488.04,704430.1,4500918.14,15079810.37,1107600.06,9995000
108116003,Penn Cambria SD,Cambria,27442745.19,7373196.55,929766.22,8302962.77,17269403.21,1866379.21,4000
108116303,Portage Area SD,Cambria,15696124.41,2708097.47,521952.46,3230049.93,10987613.88,1478460.6,
108116503,Richland SD,Cambria,25391851.8,14813650.86,936714.51,15750365.37,7941000.09,1177739.73,522746.61
108118503,Westmont Hilltop SD,Cambria,28252396.23,13632727.27,859898.24,14492625.51,11788291.25,1967850.47,3629
109122703,Cameron County SD,Cameron,14526033,3801317,463664,4264981,9847639,408153,5260
121135003,Jim Thorpe Area SD,Carbon,48855249.85,32980832.29,2097834.39,35078666.68,11440558.44,766219.41,1569805.32
121135503,Lehighton Area SD,Carbon,47669985.71,22818900.07,1964859.73,24783759.8,19844511.8,2904831.72,136882.39
121136503,Palmerton Area SD,Carbon,38656359.28,21398599.44,1257762.25,22656361.69,14453096.74,1328223.16,218677.69
121136603,Panther Valley SD,Carbon,34505313.41,11199356.94,1603605.6,12802962.54,19493069.38,2206871.66,2409.83
121139004,Weatherly Area SD,Carbon,15978193.2,7568007.33,298582.93,7866590.26,7368055.44,645547.5,98000
110141003,Bald Eagle Area SD,Centre,37333819.04,17931150.79,1009386.26,18940537.05,16715881.25,1677400.74,
110141103,Bellefonte Area SD,Centre,58440643.79,35525179.19,1408870.17,36934049.36,19338394.91,2168199.52,
110147003,Penns Valley Area SD,Centre,32634243.93,18321379.61,1248933.51,19570313.12,11741184.89,1305653.92,17092
110148002,State College Area SD,Centre,185618232.4,141003560.4,6563799.93,147567360.3,34675855.2,3359844.72,15172.21
124150503,Avon Grove SD,Chester,107276681.7,64688473.06,3634487.49,68322960.55,35971339.98,2760010.29,222370.91
124151902,Coatesville Area SD,Chester,211494341.9,134902353.8,5493718.65,140396072.5,61218266.76,9480913.74,399088.91
124152003,Downingtown Area SD,Chester,263725067.8,191666420.9,8201650.6,199868071.5,59611939.12,4035129.95,209927.2
124153503,Great Valley SD,Chester,121618405.7,97931274.32,4317206.79,102248481.1,17576745.34,1789056.42,4122.87
124154003,Kennett Consolidated SD,Chester,102143014.3,74630651.13,2488985.82,77119636.95,21762673.43,3214724.89,45979
124156503,Octorara Area SD,Chester,60284107.4,39497143.98,1685551.18,41182695.16,16689836.8,2405405.44,6170
124156603,Owen J Roberts SD,Chester,128103233.5,94056826.47,4799326.72,98856153.19,26420296.76,2819344.94,7438.64
124156703,Oxford Area SD,Chester,79406173.19,43907564.83,1834593.51,45742158.34,29500043.92,4088217.13,75753.8
124157203,Phoenixville Area SD,Chester,113112913,86068376.82,3608170.04,89676546.86,20273267.6,3124114.28,38984.21
124157802,Tredyffrin-Easttown SD,Chester,166929045.6,133456601.2,6127784.82,139584386,25713932.22,1630727.39,
124158503,Unionville-Chadds Ford SD,Chester,97508254.1,75751676.84,2646710.98,78398387.82,17999362.98,1077870.3,32633
124159002,West Chester Area SD,Chester,289804646.1,225214729.1,9471682.76,234686411.9,49369224.83,5749009.41,
106160303,Allegheny-Clarion Valley SD,Clarion,15701997.07,4329797.98,251441.79,4581239.77,10054834.7,1033262.49,32660.11
106161203,Clarion Area SD,Clarion,17028871.97,7912447.68,705813.53,8618261.21,6671146.28,1739464.48,
106161703,Clarion-Limestone Area SD,Clarion,16138765.65,5418309.15,396742.73,5815051.88,9644927.42,678786.35,
106166503,Keystone SD,Clarion,18651023.33,4951744.41,681931.03,5633675.44,12058858.55,873476.25,85013.09
106167504,North Clarion County SD,Clarion,11131071.19,3580174.86,285014.14,3865189,6327187.57,937892.62,802
106168003,Redbank Valley SD,Clarion,20392929.23,4433624.1,574072.47,5007696.57,13552260.89,1832971.77,
106169003,Union SD,Clarion,13390010.58,2419961.28,634988.76,3054950.04,9557401.25,777659.29,
110171003,Clearfield Area SD,Clearfield,45322470.06,16311518.54,1400477.89,17711996.43,24437608.55,3050970.72,121894.36
110171803,Curwensville Area SD,Clearfield,20080313.75,4564944,8290.41,4573234.41,13704462.46,1802616.88,
106172003,DuBois Area SD,Clearfield,70041734.56,25246296.09,2358542.31,27604838.4,35803061.41,6633834.75,
110173003,Glendale SD,Clearfield,16955768.27,3541209.32,435006.34,3976215.66,9966313.08,1425071.12,1588168.41
110173504,Harmony Area SD,Clearfield,7624645.69,1259020.13,283139.47,1542159.6,4626803.36,1455682.73,
110175003,Moshannon Valley SD,Clearfield,17669645,3857780.73,383837.14,4241617.87,12007453.7,1420573.43,
110177003,Philipsburg-Osceola Area SD,Clearfield,36743836,12100307.27,854583.99,12954891.26,21332201.84,2456742.9,
110179003,West Branch Area SD,Clearfield,21050429.45,5375080.33,965328.26,6340408.59,13126853.74,1583167.12,
110183602,Keystone Central SD,Clinton,86277024.53,34982263.73,1379039.64,36361303.37,42658369.87,6864181.29,393170
116191004,Benton Area SD,Columbia,15832168.27,7130058.91,932659.54,8062718.45,7097912.01,671537.81,
116191103,Berwick Area SD,Columbia,55819013.25,20838895.54,1660682.35,22499577.89,27984599.6,5334835.76,
116191203,Bloomsburg Area SD,Columbia,31975920.13,16807330.42,975729.93,17783060.35,11882512.9,2294413.88,15933
116191503,Central Columbia SD,Columbia,34743257.04,19280415.9,1717293.07,20997708.97,12916764.37,828783.7,
116195004,Millville Area SD,Columbia,14876817.42,6171949.87,466858.78,6638808.65,7513734.71,724274.06,
116197503,Southern Columbia Area SD,Columbia,26806877.1,14386663.67,803721.82,15190385.49,10079989.46,1530400.05,6102.1
105201033,Conneaut SD,Crawford,42821680.6,16695497.7,124036.59,16819534.29,21903751.16,4092930.95,5464.2
105201352,Crawford Central SD,Crawford,71776190.71,27410493.5,2052380,29462873.5,34996923.75,7316393.46,
105204703,Penncrest SD,Crawford,61714602.99,16919729.78,3560664.1,20480393.88,33601548.82,7626608.29,6052
115210503,Big Spring SD,Cumberland,63155141.92,37130767.47,2213804.56,39344572.03,21037320.02,2354623.87,418626
115211003,Camp Hill SD,Cumberland,28625461.31,20410812.8,1233758.08,21644570.88,5797478.9,1183411.53,
115211103,Carlisle Area SD,Cumberland,105238428,65220816.24,2276794.62,67497610.86,31581451.49,6044503.63,114862
115211603,Cumberland Valley SD,Cumberland,173550789,124956713,4411430,129368143,39510586,3185492,1486568
115212503,East Pennsboro Area SD,Cumberland,49458990.74,31641259.95,1152641.19,32793901.14,14866257.17,1681971.93,116860.5
115216503,Mechanicsburg Area SD,Cumberland,90665073.43,62628052.63,3600584,66228636.63,22166333.57,1989029.34,281073.89
115218003,Shippensburg Area SD,Cumberland,65697007.16,34588065.82,1587465.44,36175531.26,23366326.35,6096693.55,58456
115218303,South Middleton SD,Cumberland,44307366.53,30266533.98,1226568.85,31493102.83,11322309.94,1491953.76,
115221402,Central Dauphin SD,Dauphin,249737825,161235884.6,9040620.7,170276505.3,58308514.16,18422023.67,2730781.88
115221753,Derry Township SD,Dauphin,73368413.53,51576993.26,1674022.97,53251016.23,14522611.99,3206800.53,2387984.78
115222504,Halifax Area SD,Dauphin,22756136.17,9989638.13,537899.3,10527537.43,11081597.37,895788.27,251213.1
115222752,Harrisburg City SD,Dauphin,204043181.2,59214672.12,4848916.08,64063588.2,105867274.9,34112318.15,
115224003,Lower Dauphin SD,Dauphin,70234209.61,41800437.12,2048157.48,43848594.6,24110812.7,2227729.02,47073.29
115226003,Middletown Area SD,Dauphin,58756477,32507915.17,2194344.29,34702259.46,18462610.88,5311851.5,279755.16
115226103,Millersburg Area SD,Dauphin,17747902.98,7561655.86,650328.85,8211984.71,7832429.14,1661208.68,42280.45
115228003,Steelton-Highspire SD,Dauphin,29166694.05,6864120.22,809612.56,7673732.78,18148522.25,3344439.02,
115228303,Susquehanna Township SD,Dauphin,61171747.23,42642686.96,1293560.89,43936247.85,13535256.53,3286681.85,413561
115229003,Upper Dauphin Area SD,Dauphin,24646534.57,9622039.99,668551.4,10290591.39,11774181.39,2581761.79,
125231232,Chester-Upland SD,Delaware,148018012.5,18904931.28,1975933.16,20880864.44,119813374.8,7323773.23,
125231303,Chichester SD,Delaware,87234280.2,52232521.11,2809703.29,55042224.4,29201981.72,3011853.08,-21779
125234103,Garnet Valley SD,Delaware,121247701,94113597,3394779,97508376,22699457,828995,210873
125234502,Haverford Township SD,Delaware,143772650.5,111346164.8,4319851.41,115666016.2,26670376.47,1436257.9,
125235103,Interboro SD,Delaware,78966616.06,45638838.43,2344026.83,47982865.26,27734695.45,2823752.35,425303
125235502,Marple Newtown SD,Delaware,106540777.6,81217225.8,4720104.15,85937329.95,16886060.04,1997445.83,1719941.82
125236903,Penn-Delco SD,Delaware,73239005.98,49149723.71,2052234.15,51201957.86,20179701.31,1857346.81,
125237603,Radnor Township SD,Delaware,113603518.4,90395796.98,3862012.22,94257809.2,16828468.22,2179286.53,337954.44
125237702,Ridley SD,Delaware,125048718,77425719.06,3156894.93,80582613.99,37775442.47,4492991.54,2197670
125237903,Rose Tree Media SD,Delaware,112043576.9,87947835.49,4192310.49,92140145.98,19120714.38,775334.19,7382.36
125238402,Southeast Delco SD,Delaware,,,,,,,
125238502,Springfield SD,Delaware,85434952.23,65881523.79,1720409.09,67601932.88,16824231.04,1000895.3,7893.01
125239452,Upper Darby SD,Delaware,244542777,110520100.6,4935529.66,115455630.3,104567139.9,23976438.63,543568.16
125239603,Wallingford-Swarthmore SD,Delaware,93374767.08,70660453.57,4131225.78,74791679.35,18554437.93,28649.8,
125239652,William Penn SD,Delaware,121243070.9,50894557.15,1736022.92,52630580.07,57214044.31,11341386.77,57059.73
109243503,Johnsonburg Area SD,Elk,12624354.43,2793385.03,432711.62,3226096.65,8410935.48,987322.3,
109246003,Ridgway Area SD,Elk,16334313.08,4974656.08,660760.21,5635416.29,9343977.27,1354919.52,
109248003,Saint Marys Area SD,Elk,32105742.67,16117982.21,765093.03,16883075.24,13559455.99,1663211.44,
105251453,Corry Area SD,Erie,42085834.59,9059142.23,1101466.53,10160608.76,25785229.27,6139996.56,
105252602,Erie City SD,Erie,280585395,63421791,7890125.92,71311916.92,164418326.1,44848336,6816
105253303,Fairview SD,Erie,33352518,21658596,1100058,22758654,9316421,487144,790299
105253553,Fort LeBoeuf SD,Erie,38660550.73,19321830.95,1005187.63,20327018.58,15471723.7,2856052.37,5756.08
105253903,General McLane SD,Erie,49715432.56,15323205.91,1609473.25,16932679.16,18693847.46,4059539.49,10029366.45
105254053,Girard SD,Erie,42405725.76,10899717.73,950596.18,11850313.91,17665659.07,3813192.9,9076559.88
105254353,Harbor Creek SD,Erie,40208960.67,20569211.75,1473945.8,22043157.55,17064795.17,1093307.95,7700
105256553,Iroquois SD,Erie,33274246.51,7153748.88,1026491.5,8180240.38,15972467.58,1743989.25,7377549.3
105257602,Millcreek Township SD,Erie,119203936.5,70829730.54,5057175.98,75886906.52,35038897.62,6917315.12,1360817.19
105258303,North East SD,Erie,27935904.45,10250574.78,821876.94,11072451.72,16062269.7,801183.03,
105258503,Northwestern SD,Erie,26001021.92,5827826.43,1191969.04,7019795.47,15846600.62,2730675.01,403950.82
105259103,Union City Area SD,Erie,23833872.6,3670845.84,723328.25,4394174.09,15950186.86,3398879.77,90631.88
105259703,Wattsburg Area SD,Erie,29331187.96,13690141.89,674108.73,14364250.62,13144062.35,1560485.99,262389
101260303,Albert Gallatin Area SD,Fayette,63362287.4,12959428.59,2128296.76,15087725.35,41325505.93,6907711.06,41345.06
101260803,Brownsville Area SD,Fayette,34606886.23,6947202.71,784776.08,7731978.79,23302285.24,3572622.2,
101261302,Connellsville Area SD,Fayette,86080256.75,18844111.16,2345209.33,21189320.49,56453655.45,8003241.22,434039.59
101262903,Frazier SD,Fayette,20791642.63,6981932.23,387857.46,7369789.69,12478174.99,943677.95,
101264003,Laurel Highlands SD,Fayette,61098428,24647185.03,1377621.26,26024806.29,29886454.34,5187167.37,
101268003,Uniontown Area SD,Fayette,60249608.31,17964166.36,1426315.85,19390482.21,32010683.31,8848442.79,
106272003,Forest Area SD,Forest,15103469.18,7221217.29,476926.21,7698143.5,6142165.69,1263159.99,
112281302,Chambersburg Area SD,Franklin,184190304,103698855,5257625,108956480,54789211,19855859,588754
112282004,Fannett-Metal SD,Franklin,10288207.68,3598245.41,310053.99,3908299.4,4133663.53,2245408.75,836
112283003,Greencastle-Antrim SD,Franklin,50176662.33,29477482.17,1839202.72,31316684.89,16148934.2,1662562.14,1048481.1
112286003,Tuscarora SD,Franklin,45343559,23257988,1027733,24285721,18114572,2943266,
112289003,Waynesboro Area SD,Franklin,78392191.62,33526011.73,3328679.69,36854691.42,31255273.85,10261499.35,20727
111291304,Central Fulton SD,Fulton,18060993.86,5869920.41,300728.06,6170648.47,10179867.05,1710478.34,
111292304,Forbes Road SD,Fulton,8567723,2753157,346157,3099314,5094015,203530,170864
111297504,Southern Fulton SD,Fulton,,,,,,,
101301303,Carmichaels Area SD,Greene,,,,,,,
101301403,Central Greene SD,Greene,38352234.58,15890136.81,1127678.83,17017815.64,17099134.74,4235284.2,
101303503,Jefferson-Morgan SD,Greene,16618472.5,5051764.57,629793.99,5681558.56,9991365.24,945548.7,
101306503,Southeastern Greene SD,Greene,13985304.26,3020423.03,260879.26,3281302.29,8744296.69,1959705.28,
101308503,West Greene SD,Greene,18956456.44,9384095.99,1789536.01,11173632,6861543.02,909027.77,12253.65
111312503,Huntingdon Area SD,Huntingdon,35894936.43,15057971.88,855606.64,15913578.52,16844158.33,3137199.58,
111312804,Juniata Valley SD,Huntingdon,14931390.51,4555437.9,493525.64,5048963.54,8806855.01,950882.46,124689.5
111316003,Mount Union Area SD,Huntingdon,23573941.92,5275669.57,475542.5,5751212.07,15914685.77,1840706.51,67337.57
111317503,Southern Huntingdon County SD,Huntingdon,20496696.96,5350501.11,745363.65,6095864.76,12052109.31,2348722.89,
128323303,Homer-Center SD,Indiana,18831563.94,6667419.8,522454.05,7189873.85,10720167.07,921523.02,
128323703,Indiana Area SD,Indiana,60611347.97,33631098.79,1874283.46,35505382.25,21637317.99,2543496.8,925150.93
128325203,Marion Center Area SD,Indiana,29773461.45,7927228.36,736109.45,8663337.81,17676389.65,3433733.99,
128326303,Penns Manor Area SD,Indiana,20603438.18,5140372.32,402645.85,5543018.17,13190506.59,1770394.61,99518.81
128327303,Purchase Line SD,Indiana,21697076.15,3587465.73,768482.32,4355948.05,15114623.95,2226504.15,
128321103,River Valley SD,Indiana,,,,,,,
128328003,United SD,Indiana,24214420.32,5909142.41,665157.99,6574300.4,15739962.96,1900156.96,
106330703,Brockway Area SD,Jefferson,18168908.1,4325358.78,461143.01,4786501.79,11886381.53,1493774.78,2250
106330803,Brookville Area SD,Jefferson,29772026.17,9632448.92,778539.13,10410988.05,16707913.95,2648405.17,4719
106338003,Punxsutawney Area SD,Jefferson,46736060.07,11358508.56,1330337.59,12688846.15,28686113.76,5235800.72,125299.44
111343603,Juniata County SD,Juniata,45344280.88,19616613.88,915454.28,20532068.16,20085110.07,4322309.29,404793.36
119350303,Abington Heights SD,Lackawanna,55549883.37,34488047.61,1689503.39,36177551,17050251.91,2322080.46,
119351303,Carbondale Area SD,Lackawanna,32975791.1,8039453.2,1668931.57,9708384.77,18283565.28,4983841.05,
119352203,Dunmore SD,Lackawanna,25997348.41,13687735.27,750443.17,14438178.44,9446046.46,2113123.51,
119354603,Lakeland SD,Lackawanna,26408046.2,12862314.19,537229.15,13399543.34,11502756.62,1441271.15,64475.09
119355503,Mid Valley SD,Lackawanna,35344122.85,19101427.67,1862369.92,20963797.59,12087906.41,2292418.85,
119356503,North Pocono SD,Lackawanna,61907580.57,37099200.2,1206521.88,38305722.08,21972452.62,1311405.87,318000
119356603,Old Forge SD,Lackawanna,19189613.54,8831949.95,492358.54,9324308.49,8527946.67,1337358.38,
119357003,Riverside SD,Lackawanna,32278724.88,17041247.04,608356.25,17649603.29,11951221.96,2677899.63,
119357402,Scranton SD,Lackawanna,208181456.8,68018233.38,3404802.32,71423035.7,112064683.5,24693737.64,
119358403,Valley View SD,Lackawanna,41463183,20634678,783397,21418075,17722703,2322405,
113361303,Cocalico SD,Lancaster,66512325.1,41934299.03,2508511.17,44442810.2,19765262.28,1857366.26,446886.36
113361503,Columbia Borough SD,Lancaster,34922154.06,11988012.52,1360873.03,13348885.55,16609913.9,4963354.61,
113361703,Conestoga Valley SD,Lancaster,90001587.33,59476879.83,3460508.78,62937388.61,18596817.6,8450329.12,17052
113362203,Donegal SD,Lancaster,59122389.81,35190078.8,2049344,37239422.8,18089814.71,3791252.3,1900
113362303,Eastern Lancaster County SD,Lancaster,68580276.96,43217015.75,4656373.37,47873389.12,14793110.76,4777715.11,1136061.97
113362403,Elizabethtown Area SD,Lancaster,78931000.87,48680527.28,2613012.9,51293540.18,22050128.74,2303855.69,3283476.26
113362603,Ephrata Area SD,Lancaster,83771858.17,51318503.87,2989868.05,54308371.92,25869775.73,3346681.67,247028.85
113363103,Hempfield SD,Lancaster,146600859.9,96308647.73,5734082.22,102042730,37864039.67,6181621.3,512469
113363603,Lampeter-Strasburg SD,Lancaster,61617993.83,43237321.14,1285688.9,44523010.04,13840024.6,3134284.77,120674.42
113364002,Lancaster SD,Lancaster,273446802,92054841,10269018,102323859,134227700,31048431,5846812
113364403,Manheim Central SD,Lancaster,68975170.45,42358120.9,2736632.62,45094753.52,18590315.88,3312646.05,1977455
113364503,Manheim Township SD,Lancaster,116359397.6,83331367.37,4172093.81,87503461.18,24491058.67,3780354.49,584523.3
113365203,Penn Manor SD,Lancaster,100849344.2,63382065.15,3536333.06,66918398.21,31236190.09,2635697.56,59058.36
113365303,Pequea Valley SD,Lancaster,47710081.49,31698548.67,1895026.84,33593575.51,8861204.6,5204145.97,51155.41
113367003,Solanco SD,Lancaster,74550793.7,39527618.24,2136874.06,41664492.3,22377393.94,10181188.46,327719
113369003,Warwick SD,Lancaster,83909535.76,54856895.23,2965552.82,57822448.05,24661385.93,1400701.78,25000
104372003,Ellwood City Area SD,Lawrence,32760133.7,10149877.75,1122437.3,11272315.05,19491939.95,1995878.7,
104374003,Laurel SD,Lawrence,19993994.8,5991819.06,660617.21,6652436.27,12440738.9,896455.19,4364.44
104375003,Mohawk Area SD,Lawrence,29505032.49,8199337.78,767096.69,8966434.47,17514659.29,2958907.41,65031.32
104375203,Neshannock Township SD,Lawrence,23590058.53,14645230.67,1013155.13,15658385.8,7165712.03,518891.34,247069.36
104375302,New Castle Area SD,Lawrence,67085371.3,9901739.19,1964992.76,11866731.95,44251968.92,10966670.43,
104376203,Shenango Area SD,Lawrence,21827558.96,6750072.93,557628.45,7307701.38,12672408.42,1818363.46,29085.7
104377003,Union Area SD,Lawrence,14012782,4140991,642241,4783232,8356831,819369,53350
104378003,Wilmington Area SD,Lawrence,23743429,8952611.26,770253.7,9722864.96,11379329.84,2641234.2,
113380303,Annville-Cleona SD,Lebanon,31539045.86,18511527.67,1104932.09,19616459.76,10446727.36,1178358.74,297500
113381303,Cornwall-Lebanon SD,Lebanon,98421652.74,62048111.53,3703388.83,65751500.36,28487366.53,3788347.27,394438.58
113382303,Eastern Lebanon County SD,Lebanon,53605507.43,32135360.62,2012791.56,34148152.18,14406482.2,3537899.6,1512973.45
113384603,Lebanon SD,Lebanon,111275027.1,21647251.05,4905163.73,26552414.78,63894352.43,20731665.89,96594
113385003,Northern Lebanon SD,Lebanon,46399771.84,25882538.04,1833686.44,27716224.48,16836704.3,1841175.06,5668
113385303,Palmyra Area SD,Lebanon,65037145.55,40404393.61,2413383.76,42817777.37,18324842.14,2508598.19,1385927.85
121390302,Allentown City SD,Lehigh,449689317,119993804,10351137,130344941,263942554,54743224,658598
121391303,Catasauqua Area SD,Lehigh,40246484.71,23772290.65,1068206.37,24840497.02,11470621.21,3390235.22,545131.26
121392303,East Penn SD,Lehigh,172731885.2,123896144.7,5170129.56,129066274.3,40638111.65,2426369.84,601129.43
121394503,Northern Lehigh SD,Lehigh,39347002.7,19898629.1,1348015.41,21246644.51,15665676.36,1792221.83,642460
121394603,Northwestern Lehigh SD,Lehigh,49282065.37,32355155.2,1179554.33,33534709.53,14441656.64,1301512.65,4186.55
121395103,Parkland SD,Lehigh,215110729.7,158427213.1,6883193.64,165310406.8,41918388.68,7819042.34,62891.86
121395603,Salisbury Township SD,Lehigh,45637872.24,33693932.21,1340879.39,35034811.6,9415895.42,1187165.22,
121395703,Southern Lehigh SD,Lehigh,79031913.29,58086184.97,1431308.97,59517493.94,16275066.84,685350.51,2554002
121397803,Whitehall-Coplay SD,Lehigh,89915973.79,55081228.98,2214029.41,57295258.39,26279458.9,6309296.35,31960.15
118401403,Crestwood SD,Luzerne,47442782.24,26917598.61,937619.46,27855218.07,16601580.11,2739093.7,246890.36
118401603,Dallas SD,Luzerne,44307105.75,26715955.81,606655.47,27322611.28,14739323.32,2245171.15,
118402603,Greater Nanticoke Area SD,Luzerne,39235445.2,10345454.78,626432.09,10971886.87,23224426.93,4989131.4,50000
118403003,Hanover Area SD,Luzerne,41401153.05,16832517.18,699641.45,17532158.63,20378896.65,3490097.77,
118403302,Hazleton Area SD,Luzerne,219502569.1,77955669.24,4048355.8,82004025.04,105677860.2,31808283.83,12400
118403903,Lake-Lehman SD,Luzerne,35154135.61,18593281.39,891547.62,19484829.01,14142718.98,1526587.62,
118406003,Northwest Area SD,Luzerne,21606164.53,7747208.49,532456.61,8279665.1,12444184.17,882315.26,
118406602,Pittston Area SD,Luzerne,66199548.03,33788754.48,1299026.93,35087781.41,23720232.07,7366664.44,24870.11
118408852,Wilkes-Barre Area SD,Luzerne,160102751.8,68582414.91,3678027.09,72260442,69774466.55,17963764.41,104078.83
118409203,Wyoming Area SD,Luzerne,44723646.24,21324972.22,1386778.39,22711750.61,17904910.21,4100877.12,6108.3
118409302,Wyoming Valley West SD,Luzerne,95982313.78,39478886.16,1956598.22,41435484.38,45351961.55,9191732.85,3135
117412003,East Lycoming SD,Lycoming,30462297.62,11864329.91,1201010.01,13065339.92,15779229.19,1617728.51,
117414003,Jersey Shore Area SD,Lycoming,47516914.65,18995189.95,967085.3,19962275.25,24761637.61,2784197.79,8804
117414203,Loyalsock Township SD,Lycoming,30436248.94,17278709.1,1239051.06,18517760.16,8599462.04,1748807.28,1570219.46
117415004,Montgomery Area SD,Lycoming,20445895.24,6843086.59,963386.99,7806473.58,10663947.45,1928788.98,46685.23
117415103,Montoursville Area SD,Lycoming,35055904.78,17792932.38,1250276.08,19043208.46,14167907.03,1810239.29,34550
117415303,Muncy SD,Lycoming,20877744.56,11293681.62,547395.8,11841077.42,7880792.76,1155874.38,
117416103,South Williamsport Area SD,Lycoming,22280177.9,9277260.49,644396.96,9921657.45,11088057.69,1270462.76,
117417202,Williamsport Area SD,Lycoming,112966151.6,37493098.21,3377784.18,40870882.39,57758497.52,14199722.58,137049.14
109420803,Bradford Area SD,McKean,48234918.06,11804956.2,1067035.44,12871991.64,28307347.35,6951489.43,104089.64
109422303,Kane Area SD,McKean,20963553.56,4553631.28,478438.74,5032070.02,14138448.99,1772105.53,20929.02
109426003,Otto-Eldred SD,McKean,13182054.18,1999599.33,215537.05,2215136.38,9504853.06,1415912.74,46152
109426303,Port Allegany SD,McKean,19501992,3273752.1,852216.85,4125968.95,12380902.32,2995120.73,
109427503,Smethport Area SD,McKean,18619235.44,4647524.02,743336.29,5390860.31,11260585.92,1967789.21,
104431304,Commodore Perry SD,Mercer,10361139,2502148,274716,2776864,6630769,894600,58906
104432503,Farrell Area SD,Mercer,25230639,3643968,1432194,5076162,17106318,3048159,
104432803,Greenville Area SD,Mercer,25177270.04,6815683.39,1798341.09,8614024.48,14540263.17,2021308.37,1674.02
104432903,Grove City Area SD,Mercer,44003410.38,13959982.38,6632459.83,20592442.21,19819751.11,3591217.06,
104433303,Hermitage SD,Mercer,37039757.02,19778336.43,1052486.42,20830822.85,13927888.57,2277195.6,3850
104433604,Jamestown Area SD,Mercer,10575672.7,3524640.19,251476.63,3776116.82,5680855.94,1118699.94,
104433903,Lakeview SD,Mercer,21012107.46,5495683.85,601522,6097205.85,11846467.2,2930920.99,137513.42
104435003,Mercer Area SD,Mercer,21440962.04,7233960.6,1038989.41,8272950.01,10686410.37,2481601.66,
104435303,Reynolds SD,Mercer,23693878.79,6607393.08,823802.79,7431195.87,13805193.79,2457489.13,
104435603,Sharon City SD,Mercer,45302635.45,9095805.84,2691443.14,11787248.98,28808459.37,4706927.1,
104435703,Sharpsville Area SD,Mercer,19920316.15,6112421.56,676771.82,6789193.38,11696883.32,1401144.24,33095.21
104437503,West Middlesex Area SD,Mercer,17632301.17,5748633.34,641303.54,6389936.88,9809331.88,1433032.41,
111444602,Mifflin County SD,Mifflin,97100918.66,36689705.4,2179601.38,38869306.78,45832320.24,10888543.17,1510748.47
120452003,East Stroudsburg Area SD,Monroe,179219707.5,109376184.9,4775630.68,114151815.6,55670607.29,7425262.29,1972022.3
120455203,Pleasant Valley SD,Monroe,113138943.6,55921804.28,3671713.89,59593518.17,49195719.94,3280723.13,1068982.32
120455403,Pocono Mountain SD,Monroe,240575340.7,142316285.2,5391533.11,147707818.3,75996772.14,16858600.17,12150
120456003,Stroudsburg Area SD,Monroe,136454894,79329617.98,2954542.52,82284160.5,43277125.36,9922495.59,971112.54
123460302,Abington SD,Montgomery,174525860.1,123581443,3392349.64,126973792.6,43057428.87,4494638.58,
123460504,Bryn Athyn SD,Montgomery,183516,91829,31688,123517,59999,,
123461302,Cheltenham SD,Montgomery,133988268,100867006,3587963,104454969,26863289,2670010,
123461602,Colonial SD,Montgomery,151299460.1,117794400,6815808.93,124610208.9,25270627.96,1418623.24,
123463603,Hatboro-Horsham SD,Montgomery,125100687.1,91828976.5,3702534.3,95531510.8,25121181.2,3417360,1030635.1
123463803,Jenkintown SD,Montgomery,18948823.36,14565723.87,246615.57,14812339.44,3715808.22,420675.7,
123464502,Lower Merion SD,Montgomery,306995968.7,250073266.8,7804255.86,257877522.6,45944855.2,3173590.89,
123464603,Lower Moreland Township SD,Montgomery,58584261.39,43899766.89,1597853.51,45497620.4,12045455.13,654269.85,386916.01
123465303,Methacton SD,Montgomery,124830266.1,93257018.51,3974267.3,97231285.81,26340363.02,1021009.48,237607.74
123465602,Norristown Area SD,Montgomery,197674309.1,119671931.4,5586192.72,125258124.1,51097087.08,21319097.91,
123465702,North Penn SD,Montgomery,304658325.4,225631513,10254943.52,235886456.6,61499303.8,6422565,850000
123466103,Perkiomen Valley SD,Montgomery,124361197.3,90996706.25,3733863.57,94730569.82,28369466.46,1261161.03,
123466303,Pottsgrove SD,Montgomery,75426071,45786644,2747883,48534527,22706294,2801497,1383753
123466403,Pottstown SD,Montgomery,82531328.67,34230881.52,2494659.57,36725541.09,39082779.32,6666518.77,56489.49
123467103,Souderton Area SD,Montgomery,142116235.7,101421552.2,4729952.94,106151505.1,33675808.04,2119083.47,169839.07
123467203,Springfield Township SD,Montgomery,68342772.23,51326467.28,1741079.74,53067547.02,12613388.79,1855994.17,805842.25
123467303,Spring-Ford Area SD,Montgomery,188925136.7,140590506.5,5547747.4,146138253.9,38695317.2,2407307.59,1684258
123468303,Upper Dublin SD,Montgomery,120620107.6,92091203.16,3691838.59,95783041.75,20471607.35,1192402.07,3173056.38
123468402,Upper Merion Area SD,Montgomery,126171050.9,100359555,3738349.64,104097904.6,18087137.74,1815732.97,2170275.51
123468503,Upper Moreland Township SD,Montgomery,76504926.23,55723965.36,1981793.24,57705758.6,17275732.44,1423435.19,100000
123468603,Upper Perkiomen SD,Montgomery,71132920.25,45168011.63,2201114.89,47369126.52,22145782.98,1537536.98,80473.77
123469303,Wissahickon SD,Montgomery,121169123.4,92839706.81,3476731.27,96316438.08,23242944.54,1561543.78,48197
116471803,Danville Area SD,Montour,45794396.69,23420386.4,2133130.75,25553517.15,16953645.8,3287233.74,
120480803,Bangor Area SD,Northampton,63674501.42,36029724.99,1816245.09,37845970.08,23528630.18,2299901.16,
120481002,Bethlehem Area SD,Northampton,337136331.6,217413966.4,9743584.6,227157551,95278567.47,14479288.44,220924.67
120483302,Easton Area SD,Northampton,198773217,123655862.1,4929033.92,128584896,58811530,10674900,701891
120484803,Nazareth Area SD,Northampton,105589285.7,73848103.77,2972708.3,76820812.07,26854478.51,1618435.93,295559.15
120484903,Northampton Area SD,Northampton,125942312.5,80685666.29,3679744.51,84365410.8,35833179.7,4609864.9,1133857.11
120485603,Pen Argyl Area SD,Northampton,36568793.23,22269172.81,1006692.83,23275865.64,11820037.51,1472890.08,
120486003,Saucon Valley SD,Northampton,52460065.05,37666401.58,1560156.23,39226557.81,11095884.44,2137622.8,
120488603,Wilson Area SD,Northampton,47533540.22,27616168.33,1491217.69,29107386.02,15731569.12,2694585.08,
116493503,Line Mountain SD,Northumberland,23194911.58,8457180.35,498012.22,8955192.57,12240086.43,1999632.58,
116495003,Milton Area SD,Northumberland,40711564.77,18144204.17,964827.86,19109032.03,18466680.43,3135852.31,
116495103,Mount Carmel Area SD,Northumberland,23575142.38,5395004.22,672149.1,6067153.32,16223461.83,1284527.23,
116496503,Shamokin Area SD,Northumberland,40060820.52,6949813.68,1742163.52,8691977.2,23747611.52,7618231.8,3000
116496603,Shikellamy SD,Northumberland,56740386.9,21646995.83,1805816.12,23452811.95,26371379.15,6916195.8,
116498003,Warrior Run SD,Northumberland,29935294.4,13515447.73,1230998.39,14746446.12,12774485.94,2408117.34,6245
115503004,Greenwood SD,Perry,16741149.07,7818418.27,425804.21,8244222.48,7661364.11,675933.48,159629
115504003,Newport SD,Perry,24260191.79,9128313.76,802396.15,9930709.91,11763519.67,1823860.09,742102.12
115506003,Susquenita SD,Perry,,,,,,,
115508003,West Perry SD,Perry,47183854.49,24720967.77,1173034.57,25894002.34,19807912.81,1481939.34,
126515001,Philadelphia City SD,Philadelphia,4446558224,1488882249,367792972,1856675220,2032931943,545129608.5,11821452.06
120522003,Delaware Valley SD,Pike,94305484.45,51668050.8,2342831.67,54010882.47,36749847.62,3544754.36,
119648303,Wallenpaupack Area SD,Pike,85675559.94,58264297.68,3149192.9,61413490.58,20932537.92,2907908.61,421622.83
109530304,Austin Area SD,Potter,4836462,1807927,200445,2008372,2555971,272119,
109531304,Coudersport Area SD,Potter,15497609.77,5677702.39,408487.67,6086190.06,8346195.2,1065224.51,
109532804,Galeton Area SD,Potter,9777297.28,3753836.99,421581.45,4175418.44,4138008.67,1463774.17,96
109535504,Northern Potter SD,Potter,12384452.89,3653070.6,563329.61,4216400.21,7526256.08,641796.6,
109537504,Oswayo Valley SD,Potter,9465388.01,2506517.82,283412.16,2789929.98,6088525.65,579832.38,7100
129540803,Blue Mountain SD,Schuylkill,50312727.63,27396533.34,1679088.06,29075621.4,18610640.66,2286324.87,340140.7
129544503,Mahanoy Area SD,Schuylkill,25158420.07,5690146.67,540955.87,6231102.54,15196936.5,3729881.03,500
129544703,Minersville Area SD,Schuylkill,23239957.06,9058490.4,638772.46,9697262.86,12294041.93,1238130.93,10521.34
129545003,North Schuylkill SD,Schuylkill,37724038.49,13303904.32,1276504.41,14580408.73,19473694.05,2469935.71,1200000
129546003,Pine Grove Area SD,Schuylkill,30077314.68,13425468.95,847943.5,14273412.45,13762154.6,2041747.63,
129546103,Pottsville Area SD,Schuylkill,51093606.63,16635295.14,3670170.67,20305465.81,25836356.54,4128386.35,823397.93
129546803,Saint Clair Area SD,Schuylkill,14498277.41,5407449.29,690694.96,6098144.25,7117529.31,1265075.92,17527.93
129547303,Schuylkill Haven Area SD,Schuylkill,23631439.02,8885933.94,1152408.29,10038342.23,12482515.88,924377.91,186203
129547203,Shenandoah Valley SD,Schuylkill,25899110.38,4951523.57,718241.18,5669764.75,15546163.46,4683182.17,
129547603,Tamaqua Area SD,Schuylkill,39405300.5,17597299.54,1474290.78,19071590.32,16559099.3,3774610.88,
129547803,Tri-Valley SD,Schuylkill,15836954.88,6499098.65,393367.22,6892465.87,8291949.47,652539.54,
129548803,Williams Valley SD,Schuylkill,19860730.43,4279548.97,538058.5,4817607.47,12166949.76,2876173.2,
116555003,Midd-West SD,Snyder,,,,,,,
116557103,Selinsgrove Area SD,Snyder,50985242.04,27506562.7,1174059.13,28680621.83,17710482.48,4576320.61,17817.12
108561003,Berlin Brothersvalley SD,Somerset,14211290.79,3750499.31,394579.1,4145078.41,8745963.81,1245905.41,74343.16
108561803,Conemaugh Township Area SD,Somerset,16817133.94,4014552.61,481698.65,4496251.26,10644806.3,1623744.47,52331.91
108565203,Meyersdale Area SD,Somerset,17592050.27,3051543.64,549324.35,3600867.99,11608180.26,2337077.39,45924.63
108565503,North Star SD,Somerset,21244006.22,5678515.58,708451.31,6386966.89,13389310.68,1467728.65,
108566303,Rockwood Area SD,Somerset,13227598.65,6005973.76,364596.71,6370570.47,6218915.79,638112.39,
108567004,Salisbury-Elk Lick SD,Somerset,7004563.6,1213221.34,192183.64,1405404.98,3343865.4,2254232.22,1061
108567204,Shade-Central City SD,Somerset,9323821.87,2350079.51,243955.26,2594034.77,6174946.3,487246.04,67594.76
108567404,Shanksville-Stonycreek SD,Somerset,8481684.01,4017264.06,270400.07,4287664.13,2929257.91,1264761.97,
108567703,Somerset Area SD,Somerset,44009800.9,22817606.83,1333712.73,24151319.56,17519903.24,2338578.1,
108568404,Turkeyfoot Valley Area SD,Somerset,6646765.84,1883713.61,173814.75,2057528.36,3830356.81,754812.67,4068
108569103,Windber Area SD,Somerset,22483419.38,4580590.06,1202174.55,5782764.61,14256296.06,2394035.57,50323.14
117576303,Sullivan County SD,Sullivan,17434626.29,10041109.16,334180.86,10375290.02,6057900.88,736416.31,265019.08
119581003,Blue Ridge SD,Susquehanna,22527583.61,6487883.51,1066025.43,7553908.94,13190715.55,1774455.34,8503.78
119582503,Elk Lake SD,Susquehanna,24937749.96,8567723.11,1794442.13,10362165.24,12831887.21,1743697.51,
119583003,Forest City Regional SD,Susquehanna,18348172.75,7541840.7,463924.95,8005765.65,8522133.18,1800378.44,19895.48
119584503,Montrose Area SD,Susquehanna,30794694.54,11092313.81,1636118.4,12728432.21,15536302.24,2529960.09,
119584603,Mountain View SD,Susquehanna,22947912.28,9983181.69,1042705.46,11025887.15,10617072.59,1304952.54,
119586503,Susquehanna Community SD,Susquehanna,19080779.78,4752677.96,411975.39,5164653.35,12673915.97,1239525.46,2685
117596003,Northern Tioga SD,Tioga,42362040.2,12888516.85,1212984.54,14101501.39,24146102.22,4114436.59,
117597003,Southern Tioga SD,Tioga,38554474.82,16022226.09,1608572.75,17630798.84,18216126.65,2685160.63,22388.7
117598503,Wellsboro Area SD,Tioga,30023867.1,15218677.45,641092.27,15859769.72,12123645.41,2012626.97,27825
116604003,Lewisburg Area SD,Union,43476563.12,27763481.76,1201032.88,28964514.64,11164111.18,550404.3,2797533
116605003,Mifflinburg Area SD,Union,39620900.19,19296289.69,1606713.06,20903002.75,16226587.45,2490892.71,417.28
106611303,Cranberry Area SD,Venango,30231530.71,7134043.03,852831.34,7986874.37,12918901.24,589106.25,8736648.85
106612203,Franklin Area SD,Venango,37793766.39,11425225.22,1530375.01,12955600.23,22065215.76,2629364.04,143586.36
106616203,Oil City Area SD,Venango,38027978.06,6281929.44,897170.05,7179099.49,27336662.9,3511264.1,951.57
106617203,Titusville Area SD,Venango,40210570.38,8766462.46,2020889.46,10787351.92,25052095.78,4232149.66,138973.02
106618603,Valley Grove SD,Venango,16257720.39,3219488.81,671948.87,3891437.68,11373240.95,993041.76,
105628302,Warren County SD,Warren,92084515.26,25633035.51,3463393.98,29096429.49,51357571.52,11597735.7,32778.55
101630504,Avella Area SD,Washington,,,,,,,
101630903,Bentworth SD,Washington,21854322.75,7666161.32,954743.5,8620904.82,11391655.66,1566693.5,275068.77
101631003,Bethlehem-Center SD,Washington,21974156.81,5133330.48,619203.96,5752534.44,15207713.76,1013908.61,
101631203,Burgettstown Area SD,Washington,23558778.06,9509156.83,747304.27,10256461.1,12077890.68,1183016.43,41409.85
101631503,California Area SD,Washington,18983223.33,6929135.81,643494.89,7572630.7,10353118.81,1057473.82,
101631703,Canon-McMillan SD,Washington,106978014.5,72168611.07,4722157.44,76890768.51,28346761.36,1625437.68,115046.96
101631803,Charleroi SD,Washington,31459573.21,10766476.27,1216800.27,11983276.54,17034359.11,2439279.51,2658.05
101631903,Chartiers-Houston SD,Washington,24804640.48,14060513.93,1061621.88,15122135.81,9055266.94,593211.17,34026.56
101632403,Fort Cherry SD,Washington,22073224.88,9236472.9,898250.8,10134723.7,11159488.26,779012.92,
101633903,McGuffey SD,Washington,34137882.63,13352284.65,1295806.07,14648090.72,18226967.37,1262824.54,
101636503,Peters Township SD,Washington,79554817.46,57849815.68,2260366.56,60110182.24,18467736.81,965263.41,11635
101637002,Ringgold SD,Washington,54697134.44,24083348.91,1454891.16,25538240.07,25768911.46,3363631.77,26351.14
101638003,Trinity Area SD,Washington,69935906.28,38310183.9,2860524.97,41170708.87,25433768,3303635.22,27794.19
101638803,Washington SD,Washington,34176125.39,10495328.55,1000421.19,11495749.74,17290663.56,4352556.24,1037155.85
119648703,Wayne Highlands SD,Wayne,65960746.59,36839600.68,2460597.82,39300198.5,21143220.54,5517327.55,
119648903,Western Wayne SD,Wayne,51180880.68,29269730.71,1275964.93,30545695.64,18243101.61,2392083.43,
107650603,Belle Vernon Area SD,Westmoreland,45504135,20514927,1227224,21742151,19482128,3677050,602806
107650703,Burrell SD,Westmoreland,33912118.98,18187656.91,1086100.87,19273757.78,13399464.1,1162777.1,76120
107651603,Derry Area SD,Westmoreland,40823948.54,14219133.17,1510018.07,15729151.24,21402590.71,3551158.51,141048.08
107652603,Franklin Regional SD,Westmoreland,65380556.02,43877670.12,1987660.95,45865331.07,18660390.85,772965.65,81868.45
107653102,Greater Latrobe SD,Westmoreland,66762976.99,35850350.66,2274418.71,38124769.37,23261964.56,5354580.34,21662.72
107653203,Greensburg Salem SD,Westmoreland,52985160.25,24802188.64,1238755.27,26040943.91,21466878.22,5451137.68,26200.44
107653802,Hempfield Area SD,Westmoreland,105247980.3,60003059.28,3201093.69,63204152.97,38497705.02,3540312.18,5810.16
107654103,Jeannette City SD,Westmoreland,23321262.35,5446559.51,611515.28,6058074.79,14749003.52,2507784.04,6400
107654403,Kiski Area SD,Westmoreland,64838472.66,26872002.46,1423796.55,28295799.01,32056287.61,4484842.04,1544
107654903,Ligonier Valley SD,Westmoreland,34075179.77,18403554.24,1452478.76,19856033,12588054.92,1631091.85,
107655803,Monessen City SD,Westmoreland,17653335.67,4620939.55,652730.85,5273670.4,11452412.95,927252.32,
107655903,Mount Pleasant Area SD,Westmoreland,38108423.54,16667230.25,1120336.28,17787566.53,17829746.9,2391132.35,99977.76
107656303,New Kensington-Arnold SD,Westmoreland,47867991.84,12296296.61,929500.03,13225796.64,26837529.9,7242520.08,562145.22
107656502,Norwin SD,Westmoreland,83414564.55,44058179.52,2405950.83,46464130.35,34185526.7,2739557.9,25349.6
107657103,Penn-Trafford SD,Westmoreland,66618464.97,34640858.63,1576860.89,36217719.52,28437329.76,1854150.69,109265
107657503,Southmoreland SD,Westmoreland,35083496.91,13522227.45,699629.54,14221856.99,18591239.78,2270400.14,
107658903,Yough SD,Westmoreland,37395225.09,14472491.65,1306376.71,15778868.36,19458422.75,2157933.98,
119665003,Lackawanna Trail SD,Wyoming,23524969,10894971,840661,11735632,11244741,544246,350
118667503,Tunkhannock Area SD,Wyoming,52813088.85,26690516.87,1545751.47,28236268.34,22482118.14,2094702.37,
112671303,Central York SD,York,105946425.7,71747155.65,2899779.63,74646935.28,27205637.26,3906214.71,187638.4
112671603,Dallastown Area SD,York,131241318.6,87137290.07,3235300.51,90372590.58,35473556.42,5019428.57,375743
112671803,Dover Area SD,York,71149034.7,36578523.92,2221532.15,38800056.07,28249563.39,4082480.24,16935
112672203,Eastern York SD,York,54043302.91,32051585.46,1450237.14,33501822.6,18676589.95,1864890.36,
112672803,Hanover Public SD,York,49004369,26560839,857631,27418470,11886884,3934015,5765000
112674403,Northeastern York SD,York,85351385.8,52211646.21,2211791.67,54423437.88,27938698.35,2989249.57,
115674603,Northern York County SD,York,63841134.84,39381642.04,2532017.36,41913659.4,20624043.11,1291846.33,11586
112675503,Red Lion Area SD,York,100070009.4,53120212,3858101,56978313,38112885.43,4359660,619151
112676203,South Eastern SD,York,60099882.8,35956915.84,2066164.74,38023080.58,20597609.27,1479193.44,-0.49
112676403,South Western SD,York,83667739.91,54356652.79,1930996.3,56287649.09,26569756.4,587502.42,222832
112676503,Southern York County SD,York,63320532.03,40136540,2148451,42284991,19642772.05,1349018.98,43750
112676703,Spring Grove Area SD,York,83232391.61,47408954.42,2483564.93,49892519.35,28244494.59,3247329,1848048.67
115219002,West Shore SD,York,146611058,96796094,4806417,101602511,37615049,7390505,2993
112678503,West York Area SD,York,65827621.22,42086026.42,2787671.91,44873698.33,18959009.31,1973173.58,21740
112679002,York City SD,York,193859641.3,37081011.34,4905790.76,41986802.1,128817488.7,23055350.5,
112679403,York Suburban SD,York,67949364.52,50270684.95,2054660.21,52325345.16,14311300.91,1304721.45,7997
112015106,Adams County Technical Institute,Adams,1570532.43,0,1060880.22,1060880.22,387665.21,121987,
103020407,A W Beattie Career Center,Allegheny,11273807.71,0,8699763.66,8699763.66,2020785.63,553258.42,
103023807,Forbes Road CTC,Allegheny,7802947.5,0,4844386.5,4844386.5,1749684.91,1091238.95,117637.14
103027307,Parkway West CTC,Allegheny,10085823,0,7452735,7452735,2090529,542559,
103028807,Steel Center for Career and Technical Education,Allegheny,7639019,0,5038759,5038759,1814947,785313,
128034607,Lenape Tech,Armstrong,10491884,0,7821484,7821484,1938099,549669,182632
127041307,Beaver County CTC,Beaver,7574048.88,0,4807926.06,4807926.06,1606545.34,1101268.98,58308.5
108051307,Bedford County Technical Center,Bedford,2434088.65,0,1560973.87,1560973.87,661131.52,211983.26,
114060557,Berks CTC,Berks,20211461.4,0,15537896.96,15537896.96,3752766.83,713841.33,206956.28
114067107,Reading Muhlenberg CTC,Berks,11454017.32,0,6701626.74,6701626.74,3608212.4,1143706.48,471.7
108070607,Greater Altoona CTC,Blair,11548810.82,0,7971951.62,7971951.62,2521867.36,1024453.34,30538.5
117080607,Northern Tier Career Center,Bradford,4724815,0,3113946,3113946,1211295,399574,
122091457,Bucks County Technical High School,Bucks,29790491,0,23154709,23154709,5077828,1504750,53204
122097007,Middle Bucks Institute of Technology,Bucks,13367117.7,0,10853949.17,10853949.17,1921046.61,592121.92,
122099007,Upper Bucks County Technical School,Bucks,10441039.63,0,8360622.7,8360622.7,1646522.28,433894.65,
104101307,Butler County AVTS,Butler,6554773,0,4086117,4086117,1689163,748415,31078
108110307,Admiral Peary AVTS,Cambria,5596881.27,0,3401764.08,3401764.08,1612603.69,582513.5,
108112607,Greater Johnstown CTC,Cambria,8981743.78,0,6615882.9,6615882.9,1821654.92,544205.96,
121131507,Carbon Career & Technical Institute,Carbon,8601197,0,6613585,6613585,1434152,553460,
110141607,Central PA Institute of Science & Technology,Centre,10660558.02,0,7706741.39,7706741.39,1863250.98,977101.65,113464
124151607,Chester County Technical College HS,Chester,34019656.23,0,27156547.67,27156547.67,5018737.12,1792818.51,51552.93
106161357,Clarion County Career Center,Clarion,3568884.84,0,2294392.7,2294392.7,931985.21,342506.93,
110171607,Clearfield County CTC,Clearfield,6846222.52,0,4741944.71,4741944.71,1417255.93,567021.88,120000
116191757,Columbia-Montour AVTS,Columbia,10231916,0,8073096,8073096,1850737,297488,10595
105201407,Crawford County CTC,Crawford,7571462.3,0,5614554.84,5614554.84,1397737.81,497906.27,61263.38
115211657,Cumberland Perry Area Career & Technical Center,Cumberland,10751479.96,0,7463754.74,7463754.74,2201324.85,1042642.52,43757.85
115221607,Dauphin County Technical School,Dauphin,24383960.8,0,19397125.4,19397125.4,3589144.87,1209651.09,188039.44
125232407,Delaware County Technical High School,Delaware,19443702.39,0,14432689.91,14432689.91,3098808.06,1912204.42,
105252807,Erie County Technical School,Erie,17383828,0,14916909,14916909,1580110,877516,9293
101266007,Connellsville Area Career & Technical Center,Fayette,4767055.22,0,2958708.84,2958708.84,1363234.57,445111.81,
101262507,Fayette County Career & Technical Institute,Fayette,9022873.67,0,5246722.43,5246722.43,2093053.9,1646280.34,36817
112282307,Franklin County CTC,Franklin,9416690.83,0,6478142.92,6478142.92,2104122.3,822857.29,11568.32
111292507,Fulton County Center for Career and Technology,Fulton,,,,,,,
101302607,Greene County CTC,Greene,6085370.96,0,4759681.98,4759681.98,888585.35,437103.63,
111312607,Huntingdon County CTC,Huntingdon,3252425.91,0,2213200.39,2213200.39,826846.59,212378.93,
128324207,Indiana County Technology Center,Indiana,6703179.94,0,4662953.35,4662953.35,1541233.3,492719.23,6274.06
106333407,Jefferson County-DuBois AVTS,Jefferson,9953510.28,0,7297136.72,7297136.72,1879678.84,743934.72,32760
119354207,CTC of Lackawanna County,Lackawanna,9504165,0,5623900,5623900,2212995,1633887,33383
113363807,Lancaster County CTC,Lancaster,29297284.34,0,20102063.9,20102063.9,4805921.89,4058976.59,330321.96
104374207,Lawrence County CTC,Lawrence,7210480.32,0,5199764.54,5199764.54,1629760.46,344175.32,36780
113384307,Lebanon County CTC,Lebanon,9271028.55,0,6079544.44,6079544.44,1898332.71,1245651.4,47500
121393007,Lehigh Career & Technical Institute,Lehigh,33010059.99,0,25016289.13,25016289.13,5945569.55,1865922.54,182278.77
118408707,West Side CTC,Luzerne,7861868.82,0,5657379.13,5657379.13,1498704.17,580500.52,125285
118408607,Wilkes-Barre Area CTC,Luzerne,11422954.75,0,8116705.97,8116705.97,2202260.95,1023987.83,80000
117414807,Lycoming CTC,Lycoming,2161314.11,0,1332007.55,1332007.55,541524.34,287082.22,700
109420107,Seneca Highlands Career and Technical Center,McKean,2679625.65,0,1692996.67,1692996.67,821634.03,164994.95,
104435107,Mercer County Career Center,Mercer,6692866,0,4902100,4902100,1216361,569905,4500
111444307,Mifflin County Academy of Science and Technology,Mifflin,5692631,0,4158837,4158837,950166,556969,26659
120454507,Monroe Career & Tech Inst,Monroe,12387864.19,0,8782437.91,8782437.91,2816488.37,788937.91,
123460957,Central Montco Technical High School,Montgomery,11513449.46,0,8420119.2,8420119.2,1863588.26,532501,697241
123463507,Eastern Center for Arts & Technology,Montgomery,11180439,0,7747481,7747481,1864438,1542144,26376
123465507,North Montco Tech Career Center,Montgomery,15173698,0,12176000,12176000,2384505,605561,7632
123469007,Western Montgomery CTC,Montgomery,8692535.56,0,6164088.38,6164088.38,1535369.13,543227.65,449850.4
120481107,Bethlehem AVTS,Northampton,14176717.44,0,10717592.7,10717592.7,2301623.86,1118131.66,39369.22
120483007,Career Institute of Technology,Northampton,10049002.73,0,8417606.53,8417606.53,1348157.57,279561.63,3677
116495207,Northumberland County CTC,Northumberland,2062915.05,0,1179740.02,1179740.02,665535.37,217639.66,
126514007,Philadelphia AVTS,Philadelphia,37919513,0,24960942,24960942,12958571,,
129546907,Schuylkill Technology Centers,Schuylkill,9049270,0,6199961.53,6199961.53,1912966.39,936342.08,
108567807,Somerset County Technology Center,Somerset,7134622.42,0,4812884.27,4812884.27,1357995.87,900012.56,63729.72
119584707,Susquehanna County CTC,Susquehanna,6393940.58,0,4703290.84,4703290.84,1236989.58,453660.16,
116606707,SUN Area Technical Institute,Union,8624219.79,0,6600818.7,6600818.7,1429512.08,379347.52,214541.49
106619107,Venango Technology Center,Venango,7890457.24,0,5650558.48,5650558.48,1594759.36,645139.4,
101634207,Mon Valley CTC,Washington,4079558.01,0,2518929.05,2518929.05,1277386.38,283242.58,
101638907,Western Area CTC,Washington,5593859.55,0,3855609.48,3855609.48,1124902.68,613347.39,
107651207,Central Westmoreland CTC,Westmoreland,11049107.3,0,7825665.96,7825665.96,2387202.27,813565.07,22674
107652207,Eastern Westmoreland CTC,Westmoreland,4359136.46,0,3166376.87,3166376.87,1007324.73,185434.86,
107656407,Northern Westmoreland CTC,Westmoreland,3782752.13,0,2687308.81,2687308.81,950871.32,144572,
112679107,York Co School of Technology,York,33940858.04,0,26281968.48,26281968.48,6509942.63,1002039.33,146907.6
197010542,Gettysburg Montessori CS,Adams,4497246.2,0,4259002.16,4259002.16,56265.27,181978.77,
141019741,Vida CS,Adams,3722019.1,0,3581098.13,3581098.13,40945.7,99975.27,
102024758,Catalyst Academy CS,Allegheny,5247189,0,4744636,4744636,17111,485442,
102020001,City CHS,Allegheny,21781898,0,13306499,13306499,38941,1302966,7133492
199025446,Environmental CS at Frick Park,Allegheny,39966976,0,25172801,25172801,113813,2328090,12352272
103029865,Life Male STEAM Academy CS,Allegheny,2290939.83,0,2165812.53,2165812.53,7682.39,117444.91,
102023030,Manchester Academic CS,Allegheny,10479573,0,8829328,8829328,39074,1574640,36531
102023217,Passport Academy CS,Allegheny,4777124,0,3438078,3438078,2745,609656,726645
103022481,Penn Hills CS of Entrepreneurship,Allegheny,10472618.34,0,9327696.85,9327696.85,53122.09,733094.4,358705
115220003,Pennsylvania Distance Learning CS,Allegheny,25363070.18,0,22037606.11,22037606.11,62186.48,3193706.71,69570.88
160028259,Propel CS-Braddock Hills,Allegheny,17906485,0,16148997,16148997,194945,1562543,
103020005,Propel CS-East,Allegheny,7373360,0,6475573,6475573,54966,842821,
103024952,Propel CS-Hazelwood,Allegheny,7320183,0,6306112,6306112,36820,977251,
103020002,Propel CS-Homestead,Allegheny,12752901,0,11645267,11645267,77198,1030436,
103020003,Propel CS-McKeesport,Allegheny,6510163,0,5647677,5647677,62378,800108,
103020004,Propel CS-Montour,Allegheny,17672084,0,15963594,15963594,64289,1644201,
103028192,Propel CS-Northside,Allegheny,10010370,0,9167060,9167060,55837,787473,
103024162,Propel CS-Pitcairn,Allegheny,5587242,0,4486465,4486465,44128,325856,730793
102027560,Provident CS,Allegheny,12113927.64,0,11025644.16,11025644.16,94447.96,987287.52,6548
103023410,Spectrum CS,Allegheny,1733286,0,1716497,1716497,11141,348,5300
102020003,The New Academy CS,Allegheny,2277788,0,1811190,1811190,10405,456193,
103023090,Urban Academy of Greater Pittsburgh CS,Allegheny,8629192,0,7412114,7412114,20873,1084793,111412
102023080,Urban Pathways 6-12 CS,Allegheny,8667438,0,7593977,7593977,45649,1027812,
103028246,Urban Pathways K-5 College CS,Allegheny,8504493,0,7281885,7281885,70523,1152085,
103028425,Westinghouse Arts Academy CS,Allegheny,6521776.16,0,6396813.3,6396813.3,250,124712.86,
103020368,Young Scholars of Greater Allegheny CS,Allegheny,6510087,0,5122892,5122892,43930,1250210,93055
103025206,Young Scholars of Western Pennsylvania CS,Allegheny,7633995,0,6773102,6773102,49588,747092,64213
127046517,Baden Academy CS,Beaver,10628655.51,0,10025746.3,10025746.3,83204.57,519704.64,
127040002,Lincoln Park Performing Arts CS,Beaver,11453954.58,0,10474300.46,10474300.46,195661.72,783292.4,700
127041735,Midland Innovation & Technology CS,Beaver,5226666.43,0,2416883.9,2416883.9,,,2809782.53
127043430,Pennsylvania Cyber CS,Beaver,205367281,0,192067173.2,192067173.2,1068604.77,4510782.58,7720720.46
108057079,HOPE for Hyndman CS,Bedford,3732232,0,2406739,2406739,29331,372468,923694
108070001,Central PA Digital Learning Foundation CS,Blair,3641758,0,3355115,3355115,14394,250567,21682
122093460,Bucks County Montessori CS,Bucks,3522601.61,0,3492033.47,3492033.47,3239.1,27329.04,
122090001,Center for Student Learning CS at Pennsbury,Bucks,4308350.1,0,3960911.15,3960911.15,116,315196.95,32126
122093140,School Lane CS,Bucks,23417680.03,0,21099517.73,21099517.73,44444.7,2273717.6,
110143060,Centre Learning Community CS,Centre,1514202.69,0,1480696.99,1480696.99,32155.7,,1350
110143120,Nittany Valley CS,Centre,957402,0,944561,944561,1936,10905,
110140001,Young Scholars of Central PA CS,Centre,7317373,0,6993173,6993173,17906,282202,24092
124150002,21st Century Cyber CS,Chester,24459871.56,0,22782554.08,22782554.08,90693.48,1186,1585438
125230001,Achievement House CS,Chester,23524881.03,0,21804361.78,21804361.78,33647.15,1686872.1,
124150003,Avon Grove CS,Chester,34960450.53,0,32634816.95,32634816.95,167561.19,1970040.39,188032
124152880,Chester Co Family Academy CS,Chester,612570.29,0,558507.54,558507.54,2663.27,51399.48,
124153320,Collegium CS,Chester,60034776,0,57364506,57364506,109805,2560465,
124152637,Insight PA Cyber CS,Chester,81011850,0,66794147,66794147,176946,14040757,
124150004,Pennsylvania Leadership CS,Chester,63457396.36,0,57561934.33,57561934.33,158810.15,5736651.88,
124153350,Renaissance Academy CS,Chester,21818530,0,20876146,20876146,34582,907002,800
101833400,Sugar Valley Rural CS,Clinton,9091526.44,0,8222713.54,8222713.54,9050.29,859762.61,
115227010,Capital Area School for the Arts CS,Dauphin,3325011.91,0,3148871.46,3148871.46,84183.33,91957.12,
115220002,Commonwealth Charter Academy CS,Dauphin,417925349.3,0,398125977.3,398125977.3,497836.25,17861378.43,1440157.32
115220001,Infinity CS,Dauphin,5354690,0,3143968,3143968,4662,250288,1955772
115227398,Pennsylvania STEAM Academy CS,Dauphin,12244973.27,0,3508654.13,3508654.13,14396.2,229409.23,8492513.71
115222343,Premier Arts and Science CS,Dauphin,3413816.31,0,2150799.3,2150799.3,26145.35,1236871.66,
115227871,Reach Cyber CS,Dauphin,135109549.4,0,119504129.6,119504129.6,25757.3,15579662.54,
115223050,Sylvan Heights Science CS,Dauphin,4088083,0,3148790,3148790,23840,915453,
125236827,Chester Charter Scholars Academy CS,Delaware,14262007.33,0,11454655.45,11454655.45,301728.92,2505622.96,
125232950,Chester Community CS,Delaware,97719874.11,0,81486283.18,81486283.18,1077511.12,15156079.81,
125233517,Vision Academy CS,Delaware,8578617,0,7778100,7778100,105111,309955,385451
105257512,Erie Rise Leadership Academy CS,Erie,5568969.35,0,3917312.31,3917312.31,76470.01,1575187.03,
105250004,Montessori Regional CS,Erie,8600291,0,7583888,7583888,85828,780811,149764
105250001,Perseus House CS of Excellence,Erie,11936999.64,0,9431970.55,9431970.55,196391.6,2308637.49,
105252920,Robert Benjamin Wiley Community CS,Erie,9086198.89,0,7707219.43,7707219.43,121568.77,1257410.69,
111440001,New Day CS,Huntingdon,3779538.11,0,3481246.6,3481246.6,106005.78,192285.73,
111315438,Stone Valley Community CS,Huntingdon,1427362,0,1300716.15,1300716.15,6198.8,118947.05,1500
119350001,Fell CS,Lackawanna,2185179,0,1912878,1912878,15863,256438,
119355028,Howard Gardner Multiple Intelligence CS,Lackawanna,6609502.22,0,4952442.34,4952442.34,66072.46,584784.03,1006203.39
113362940,La Academia Partnership CS,Lancaster,5082845,0,4351943,4351943,13023,717879,
121395927,Arts Academy CS,Lehigh,5760269.26,0,4742754.36,4742754.36,31876.27,985638.63,
121399898,Arts Academy Elementary CS,Lehigh,7630530.76,0,6140947.4,6140947.4,59490.39,1430092.97,
121394017,Circle of Seasons CS,Lehigh,7868669.55,0,7370340.11,7370340.11,,498329.44,
121398065,Executive Education Academy CS,Lehigh,24154828,0,18818751,18818751,246333,5089744,
121395526,Innovative Arts Academy CS,Lehigh,9588841.27,0,7671315.64,7671315.64,59011.87,1858513.76,
175390169,Lincoln Leadership Academy CS,Lehigh,16355484.9,0,12363238.51,12363238.51,325774.94,3666471.45,
121393330,Roberto Clemente CS,Lehigh,10679381.49,0,7723364.65,7723364.65,185991.54,2738253.54,31771.76
188392660,Seven Generations CS,Lehigh,7278242,0,6557830,6557830,208747,511665,
118400001,Bear Creek Community CS,Luzerne,9071725.08,0,6816014.21,6816014.21,149520.83,2087323.04,18867
104432830,Keystone Education Center CS,Mercer,5296494.94,0,4238604.59,4238604.59,70302.53,983387.82,4200
120450003,Evergreen Community CS,Monroe,2060570,0,2020950,2020950,2687,36933,
126510020,Agora Cyber CS,Montgomery,116282550,0,95845042,95845042,332208,20105300,
123460001,Pennsylvania Virtual CS,Montgomery,12764925,0,6652218,6652218,197942,5914765,
123463370,Souderton CS Collaborative,Montgomery,4627584,0,4409927,4409927,164924,42184,10549
120486892,Easton Arts Academy Elementary CS,Northampton,14995975,0,5013030,5013030,34448,684187,9264310
120480002,Lehigh Valley Academy Regional CS,Northampton,35557926,0,29763086,29763086,278937,5428198,87705
120483170,Lehigh Valley Charter High School for the Arts,Northampton,10283119.55,0,9426279.58,9426279.58,160521.92,572815.25,123502.8
139481451,Lehigh Valley Dual Language CS,Northampton,8411552.23,0,6292296.3,6292296.3,43623.59,1797693.34,277939
126510015,Ad Prima CS,Philadelphia,12607852,0,8074803,8074803,126191,4406858,
126512990,Alliance for Progress CS,Philadelphia,10441703,0,7806627,7806627,126428,2508648,
104510394,Antonia Pantoja Community CS,Philadelphia,15666083,0,11155470,11155470,133309,4257068,120236
181519176,ASPIRA Bilingual Cyber CS,Philadelphia,22847319,0,18584909,18584909,115656,4078551,68203
126510010,Belmont CS,Philadelphia,23098817,0,14870020,14870020,758551,7470246,
168513758,Bluford CS,Philadelphia,11779638,0,8452299,8452299,40623,3286716,
185515523,Boys Latin of Philadelphia CS,Philadelphia,16832216,0,12555330,12555330,254864,4022022,
126513160,Christopher Columbus CS,Philadelphia,15127208.33,0,12008790.59,12008790.59,63376,3055041.74,
126512840,Community Academy of Philadelphia CS,Philadelphia,26446639,0,19042604,19042604,338371,7065664,
103519376,Daroff CS,Philadelphia,-1171167,0,-1171167,-1171167,,,
126516724,Deep Roots CS,Philadelphia,9692617,0,4153793,4153793,40674,1798668,3699482
126510011,Discovery CS,Philadelphia,11008018,0,8203984,8203984,67602,2736432,
126513440,Esperanza Academy CS,Philadelphia,35498300,0,23072333,23072333,431770,11224226,769971
126511563,Esperanza Cyber CS,Philadelphia,21966272,0,15815892,15815892,41391,6108989,
126513100,Eugenio Maria De Hostos CS,Philadelphia,12129668,0,8882450,8882450,124572,3028660,93986
100510000,First Philadelphia Preparatory CS,Philadelphia,37803348,0,26977793,26977793,368360,10457195,
126510021,Folk Arts-Cultural Treasures CS,Philadelphia,9090671,0,6597218,6597218,111533,2381920,
147513703,Franklin Towne Charter Elementary School,Philadelphia,17766721,0,12780624,12780624,79646,4906451,
126513450,Franklin Towne CHS,Philadelphia,23292538,0,17131405,17131405,127814,6033319,
126518547,Frederick Douglass Mastery CS,Philadelphia,12565178,0,8415523,8415523,203202,3946453,
126513270,Freire CS,Philadelphia,20606216.03,0,14114928.41,14114928.41,259631.05,6215792.7,15863.87
126513380,Global Leadership Academy CS,Philadelphia,12514164.48,0,8751240.87,8751240.87,69118,3693805.61,
126518004,Global Leadership Academy CS Southwest at Huey,Philadelphia,10740507.51,0,7547509.45,7547509.45,10500,2999403.06,183095
126510005,Green Woods CS,Philadelphia,12314411,0,9459029,9459029,121788,2733594,
126512850,Harambee Institute of Science and Technology CS,Philadelphia,9968578,0,6911061,6911061,132905,2924612,
126512980,Imhotep Institute CHS,Philadelphia,11593457,0,8434857,8434857,67958,3090642,
126513510,Independence CS,Philadelphia,16498524,0,11539156,11539156,179986,4779382,
126512039,Independence CS West,Philadelphia,16096823,0,12907759,12907759,113880,3075184,
126513070,Inquiry CS,Philadelphia,6207571,0,4059426,4059426,35196,2112949,
133513315,John B Stetson CS,Philadelphia,,,,,,,
182514568,Keystone Academy CS,Philadelphia,13275376,0,10113881,10113881,180750,2980745,
126514864,KIPP DuBois CS,Philadelphia,11536851,0,8416734,8416734,,3120117,
126514059,KIPP North Philadelphia CS,Philadelphia,11591691,0,8800991,8800991,,2638128,152572
126510013,KIPP Philadelphia CS,Philadelphia,35912397,0,13009225,13009225,77124,5052964,17773084
126515362,KIPP Philadelphia Octavius Catto CS,Philadelphia,17316616,0,3109801,3109801,,230845,13975970
126515492,KIPP West Philadelphia CS,Philadelphia,17428903,0,12451448,12451448,,4977455,
126513110,Laboratory CS,Philadelphia,10099124,0,6383866,6383866,109374,3605884,
126519476,Lindley Academy CS at Birney,Philadelphia,15945286,0,10233894,10233894,122408,5588984,
126513480,Mariana Bracetti Academy CS,Philadelphia,29784820,0,22892391,22892391,318744,6573685,
126510014,Maritime Academy CS,Philadelphia,17858555,0,11266418.45,11266418.45,101513.91,6490622.64,
126513150,MAST Community CS,Philadelphia,30977735,0,23648196,23648196,477983,6851556,
126513117,MaST Community CS II,Philadelphia,33365287,0,25462818,25462818,363690,7538779,
126511624,MaST Community CS III,Philadelphia,24083259,0,17920157,17920157,313966,5849136,
126510002,Mastery CHS-Lenfest Campus,Philadelphia,13372976,0,9554729,9554729,169917,3648330,
126518118,Mastery CS John Wister Elementary,Philadelphia,10089407,0,7466985,7466985,81014,2541408,
126519644,Mastery CS-Cleveland Elementary,Philadelphia,14572599,0,10258435,10258435,308378,4005786,
126511748,Mastery CS-Clymer Elementary,Philadelphia,9904614,0,6979306,6979306,164065,2761243,
126518795,Mastery CS-Francis D. Pastorius Elementary,Philadelphia,13393892,0,9642165,9642165,246372,3505355,
126513734,Mastery CS-Gratz Campus,Philadelphia,27610909,0,19265148,19265148,389193,7403923,552645
126513290,Mastery CS-Hardy Williams,Philadelphia,24585548,0,17921044,17921044,567551,5949381,147572
126516457,Mastery CS-Harrity Campus,Philadelphia,15794712,0,11188200,11188200,318626,4287886,
126519433,Mastery CS-Mann Campus,Philadelphia,10729114,0,7718483,7718483,148347,2862284,
151514721,Mastery CS-Pickett Campus,Philadelphia,20220690,0,14695133,14695133,526722,4998835,
126510022,Mastery CS-Shoemaker Campus,Philadelphia,16334106,0,11893650,11893650,336841,4103615,
126517286,Mastery CS-Smedley Campus,Philadelphia,16306902,0,11446599,11446599,121999,4738304,
126510023,Mastery CS-Thomas Campus,Philadelphia,24701614,0,17184556,17184556,386104,7130954,
126517643,Mastery Prep Elementary CS,Philadelphia,10736557,0,7468126,7468126,285746,2908899,73786
126513230,Math Civics and Sciences CS,Philadelphia,11613846,0,9876102,9876102,273481,1464263,
126519392,Memphis Street Academy CS @ JP Jones,Philadelphia,11275403,0,8615266,8615266,79883,2580254,
126513000,Multicultural Academy CS,Philadelphia,4466750.54,0,3740290.02,3740290.02,72302,654158.52,
126513420,New Foundations CS,Philadelphia,28283968,0,18964852,18964852,371923,8947193,
126510019,Northwood Academy CS,Philadelphia,14316762,0,9929294,9929294,77587,4155915,153966
126513452,Olney Charter High School,Philadelphia,,,,,,,
173515368,Pan American Academy CS,Philadelphia,16141058,0,11255496,11255496,313844,4367491,204227
126510004,People for People CS,Philadelphia,11465723,0,8076962,8076962,194321,3194440,
126513280,Philadelphia Academy CS,Philadelphia,25167841.3,0,17731595.62,17731595.62,277789.36,7158456.32,
126510009,Philadelphia Electrical & Tech CHS,Philadelphia,18642852.64,0,8788957.78,8788957.78,64260.52,4690895.34,5098739
126510929,Philadelphia Hebrew Public CS,Philadelphia,21538370,0,6455540,6455540,112533,2264632,12705665
126510016,Philadelphia Montessori CS,Philadelphia,5023324,0,4236389,4236389,55441,731494,
126513400,Philadelphia Performing Arts CS,Philadelphia,49605051,0,36399380,36399380,546886,12658785,
126512960,Preparatory CS of Mathematics Science Tech and Careers,Philadelphia,11266388.97,0,7740877.52,7740877.52,134684.91,3390826.54,
126510008,Richard Allen Preparatory CS,Philadelphia,7979728,0,5357384,5357384,112146,2510198,
126510001,Russell Byers CS,Philadelphia,29899068,0,10665573,10665573,200392,3779310,15253793
114514135,Sankofa Freedom Academy CS,Philadelphia,13025375.79,0,9485016.36,9485016.36,60568.88,3479790.55,
108515107,Southwest Leadership Academy CS,Philadelphia,10678966,0,7690810,7690810,124078,2706375,157703
192518422,Tacony Academy CS,Philadelphia,23453403,0,15646888,15646888,244361,7562154,
126511530,TECH Freire CS,Philadelphia,9803287.78,0,6731447.83,6731447.83,112326.94,2959513.01,
126515691,The Philadelphia CS for Arts and Sciences at HR Edmunds,Philadelphia,21907130,0,16382637,16382637,236802,5287691,
126512674,Universal Alcorn CS,Philadelphia,9854308.99,0,6655333.82,6655333.82,36796.06,3162179.11,
126519434,Universal Audenried CS,Philadelphia,12517274.01,0,8586293.38,8586293.38,525545.56,3405435.07,
126517442,Universal Creighton CS,Philadelphia,14882814.88,0,10261048,10261048,84435.88,3779584,757747
126513210,Universal Institute CS,Philadelphia,13307088.85,0,8189273.62,8189273.62,200888.86,4916926.37,
126513415,Universal Vare CS,Philadelphia,3915481.64,0,2281079.68,2281079.68,39207.62,1595194.34,
126513020,West Oak Lane CS,Philadelphia,22267083,0,13101301,13101301,238003,8927779,
126510006,West Phila. Achievement CES,Philadelphia,12015074,0,7893756,7893756,130467,3990851,
126510007,Wissahickon CS,Philadelphia,20175564,0,14784859,14784859,261484,5129221,
126513250,Young Scholars CS,Philadelphia,7387612.1,0,5428534.31,5428534.31,149876.86,1768331.93,40869
126512870,Youth Build Phila CS,Philadelphia,30937406,0,11434072,11434072,51998,3747154,15704182
129544907,Gillingham Charter School,Schuylkill,4513823.71,0,3975949.05,3975949.05,27266.71,380707.95,129900
105620001,Tidioute Community CS,Warren,5589725.96,0,4728531.17,4728531.17,31563.97,829630.82,
101636920,California Academy of Learning CS,Washington,397707,0,397707,397707,,,
107653040,Dr Robert Ketterer CS Inc,Westmoreland,6211319,0,4777692,4777692,42333,1391294,
112673300,Crispus Attucks CS,York,2992563.79,0,1275909.67,1275909.67,96654.61,1619999.51,
112673500,Lincoln CS,York,15307528.77,0,11740051.68,11740051.68,189368.51,3378108.58,
189670676,York Academy Regional CS,York,18953645.37,0,16327633.19,16327633.19,145626.99,2480385.19,
113363705,Lancaster County Academy,Lancaster,475719.84,0,464858.25,464858.25,10861.59,,
112679205,York Adams Academy,York,,,,,,,
,,,,,,,,,
,School District,,36682122183,19014629366,1344081202,20358710568,13691387635,2411029276,220994704.6
,AVTS / CTC,,734065471.4,0,533864231,533864231,144463706.3,51831916.84,3905617.26
,Charter School,,3446690709,0,2714247619,2714247619,25623388.95,560739284,146080416.7
,Special Program Jointure,,475719.84,0,464858.25,464858.25,10861.59,0,0
,Total,,40863354083,19014629366,4592657911,23607287276,13861485592,3023600476,370980738.6
